metricId,old_label,label,shortLabel,unit,unit_basis,flags
clv,Customer LTV,Customer Lifetime Value,Customer LTV,currency,formula,
customer_ltv,Realized Customer LTV,Realized Customer Lifetime Value,Realized Customer LTV,currency,formula,
student_proficiency,Student Proficiency Rate,Student Proficiency Rate,Proficiency %,rate,formula,
college_enrollment_rate,College Enrollment %,College Enrollment Rate Within 16 Months,College Enroll 16mo %,rate,formula,label disambiguates from college_enrollment (12 months)
cost_per_outcome,Cost per Outcome,Cost per Proficiency Outcome,Cost per Outcome,currency,formula,unit: per-pupil spend divided by a 0-1 rate; currency per proficiency point
ebitda,EBITDA,EBITDA,EBITDA,currency,formula,
enterprise_value,Enterprise Value,Enterprise Value,Enterprise Value,currency,formula,
free_cash_flow,Free Cash Flow,Free Cash Flow,Free Cash Flow,currency,formula,
marketing_roi,Marketing ROI,Marketing Return on Investment,Marketing ROI,rate,formula,"unit: net ROI fraction, can exceed 1"
ops_efficiency_ratio,Ops Efficiency,Operating Efficiency Ratio,Ops Efficiency,ratio,formula,known issue: description and numerator/denominator disagree
ops_north_star,Perfect Order Rate,Perfect Order Rate,Perfect Order %,rate,formula,
pipeline_generated,Pipeline Generated,Marketing-Sourced Pipeline,Pipeline Generated,currency,formula,label: description says sourced by marketing
rule_of_40,Rule of 40,Rule of 40 Score,Rule of 40,score,formula,"unit: (growth + margin) * 100, percentage points not 0-1; score or change formula to rate?"
employee_lifetime_value,Employee Lifetime Value,Employee Lifetime Value Ratio,Employee LTV,ratio,formula,"known issue: description implies currency, formula is value/cost ratio"
headcount,Headcount,Headcount,Headcount,count,formula,
turnover_rate,Turnover Rate,Employee Turnover Rate,Turnover %,rate,formula,
four_year_grad_rate,4-Year Grad Rate,Four-Year Graduation Rate,4-Year Grad Rate,rate,formula,
mql,MQLs,Marketing Qualified Leads,MQLs,count,formula,
on_time_delivery_rate,On-Time Delivery Rate,On-Time Delivery Rate,On-Time Delivery %,rate,formula,
cx_csat,CX CSAT,Customer Service CSAT Rate,CX CSAT,rate,formula,"unit: top-two-box share, so rate; csat is the averaged score"
nps,NPS,Net Promoter Score,NPS,score,formula,
account_health_score,Account Health,Account Health Score,Account Health,score,description,
aov,AOV,Average Order Value,AOV,currency,formula,
cac,CAC,Customer Acquisition Cost,CAC,currency,formula,
cac_payback,CAC Payback (mo),Customer Acquisition Cost Payback Period,CAC Payback,months,formula,
ces,CES,Customer Effort Score,CES,score,description,
cohort_ltv_12m,12-Month Cohort LTV,12-Month Cohort Lifetime Value,12-Month Cohort LTV,currency,formula,
cohort_ltv_24m,24-Month Cohort LTV,24-Month Cohort Lifetime Value,24-Month Cohort LTV,currency,formula,
customer_onboarding_time,Customer Onboarding Time,Customer Onboarding Time,Onboarding Time,days,description,
ltv_cac,LTV : CAC,Lifetime Value to Customer Acquisition Cost Ratio,LTV:CAC,ratio,formula,
marketing_cac,Marketing CAC,Marketing Customer Acquisition Cost,Marketing CAC,currency,formula,
process_automation_rate,Automation Rate,Process Automation Rate,Automation %,rate,formula,
purchase_frequency,Purchase Frequency,Purchase Frequency,Purchase Frequency,ratio,formula,unit: orders per customer
refund_rate,Refund Rate,Refund Rate,Refund %,rate,formula,
renewal_rate,Renewal Rate,Renewal Rate,Renewal %,rate,formula,
repeat_purchase_rate,Repeat Purchase %,Repeat Purchase Rate,Repeat Purchase %,rate,formula,
advanced_course_enrollment_rate,Advanced Course Enrollment,Advanced Course Enrollment Rate,Advanced Course %,rate,formula,
cross_sell_rate,Cross-Sell Rate,Cross-Sell Rate,Cross-Sell %,rate,formula,
dropout_rate,Dropout Rate,Dropout Rate,Dropout %,rate,formula,
ela_proficiency_rate,ELA Proficiency %,English Language Arts Proficiency Rate,ELA Proficiency %,rate,formula,
ell_proficiency_growth,ELL Proficiency Growth,ELL Proficiency Growth Rate,ELL Growth %,rate,formula,
fafsa_completion_rate,FAFSA Completion Rate,FAFSA Completion Rate,FAFSA Completion %,rate,formula,
grade3_reading,Gr3 Reading %,Grade 3 Reading Proficiency Rate,Gr3 Reading %,rate,formula,
iep_goal_mastery_rate,IEP Goal Mastery Rate,IEP Goal Mastery Rate,IEP Goal Mastery %,rate,formula,
kinder_readiness,K-Readiness %,Kindergarten Readiness Rate,K-Readiness %,rate,formula,
math_proficiency_rate,Math Proficiency %,Math Proficiency Rate,Math Proficiency %,rate,formula,
school_climate_score,Climate Score,School Climate Score,Climate Score,score,description,
science_proficiency_rate,Science Proficiency %,Science Proficiency Rate,Science Proficiency %,rate,formula,
staff_student_cost_ratio,Staff-to-Student Cost Ratio,Personnel Share of Operating Budget,Personnel Cost %,rate,formula,old label says ratio but formula is personnel cost / operating budget (0-1)
student_attendance_rate,Attendance Rate,Student Attendance Rate,Attendance %,rate,formula,
student_teacher_ratio,Student:Teacher Ratio,Student-to-Teacher Ratio,Student:Teacher,ratio,formula,
teacher_retention_rate,Teacher Retention Rate,Teacher Retention Rate,Teacher Retention %,rate,formula,
upsell_rate,Upsell Rate,Upsell Rate,Upsell %,rate,formula,
absenteeism_rate,Absenteeism Rate,Employee Absenteeism Rate,Absenteeism %,rate,formula,
activation_rate,Activation Rate,User Activation Rate,Activation %,rate,formula,
active_paying_users,Active Paying Users,Active Paying Users,Active Paying Users,count,formula,
acv,ACV,Average Annual Contract Value,ACV,currency,formula,
ap_participation_rate,AP Participation %,AP Participation Rate,AP Participation %,rate,formula,
ap_pass_rate,AP Pass Rate,AP Pass Rate,AP Pass %,rate,formula,
app_store_rating,App Store Rating,App Store Rating,App Store Rating,score,description,
ar_aging_90d,AR Aging 90d+,Accounts Receivable Over 90 Days,AR Aging 90d+,currency,formula,
arpu,ARPU,Average Revenue per User,ARPU,currency,formula,
asp,ASP,Average Selling Price,ASP,currency,formula,
at_risk_accounts,At-Risk Accounts,At-Risk Accounts,At-Risk Accounts,count,formula,
avg_deal_size,Avg Deal Size,Average Deal Size,Avg Deal Size,currency,formula,
avg_sales_cycle,Sales Cycle (days),Average Sales Cycle,Avg Sales Cycle,days,description,known issue: kept alongside sales_cycle_length (first touch to won)
avg_session_duration,Avg Session Duration,Average Session Duration,Avg Session Duration,seconds,formula,unit: seconds is not in the proposed enum; add it
bounce_rate,Bounce Rate,Bounce Rate,Bounce %,rate,formula,
budget_variance,Budget Variance,Budget Variance,Budget Variance,currency,formula,
budget_variance_pct,Budget Variance %,Budget Variance Rate,Budget Variance %,rate,formula,
burn_rate,Burn Rate,Cash Burn Rate,Burn Rate,currency,formula,label: 'Rate' here is a currency amount per month
capacity_utilization,Capacity Utilization %,Capacity Utilization Rate,Capacity Utilization %,rate,formula,
capex,CapEx,Capital Expenditures,CapEx,currency,formula,
carbon_emissions_per_unit,Carbon per Unit,Carbon Emissions per Unit,Carbon per Unit,ratio,formula,unit: kg CO2e per unit; no mass unit in the enum
change_failure_rate,Change Failure %,Change Failure Rate,Change Failure %,rate,formula,
chronic_absenteeism_rate,Chronic Absence %,Chronic Absenteeism Rate,Chronic Absence %,rate,formula,
cogs,COGS,Cost of Goods Sold,COGS,currency,formula,
cost_per_event_attendee,Cost / Attendee,Cost per Event Attendee,Cost / Attendee,currency,formula,
cost_per_mile,Cost per Mile,Cost per Mile,Cost per Mile,currency,formula,
cost_per_unit,Cost per Unit,Cost per Unit,Cost per Unit,currency,formula,
cpl,Cost Per Lead,Cost per Lead,CPL,currency,formula,
cpm,CPM,Cost per Thousand Impressions,CPM,currency,formula,
credit_accumulation_rate,Credit Accumulation Rate,Credit Accumulation Rate,On-Track Credits %,rate,formula,
current_ratio,Current Ratio,Current Ratio,Current Ratio,ratio,formula,
debt_ebitda,Debt / EBITDA,Debt to EBITDA Ratio,Debt / EBITDA,ratio,formula,
debt_to_equity,D/E Ratio,Debt-to-Equity Ratio,D/E Ratio,ratio,formula,
domain_authority,Domain Authority,Domain Authority,Domain Authority,score,description,
dpo,DPO,Days Payable Outstanding,DPO,days,formula,
dso,Days Sales Outstanding,Days Sales Outstanding,DSO,days,formula,
earned_media_value,Earned Media Value,Earned Media Value,Earned Media Value,currency,formula,
ebit,EBIT,EBIT,EBIT,currency,formula,acronym: EBIT added to the allowlist
ebitda_margin,EBITDA Margin,EBITDA Margin,EBITDA Margin,rate,formula,
effective_tax_rate,Effective Tax Rate,Effective Tax Rate,Effective Tax Rate,rate,formula,
enrollment_count,Enrollment Count,Student Enrollment,Enrollment,count,formula,
error_rate,Error Rate,API Error Rate,Error %,rate,formula,label: formula is over api_calls_total
ev_ebitda,EV/EBITDA,Enterprise Value to EBITDA Multiple,EV/EBITDA,ratio,formula,
expansion_pipeline,Expansion Pipeline,Expansion Pipeline,Expansion Pipeline,currency,formula,
fcr_rate,FCR Rate,First Contact Resolution Rate,FCR %,rate,formula,
first_response_time,First Response Time,First Response Time,First Response Time,hours,description,
fleet_utilization_rate,Fleet Utilization Rate,Fleet Utilization Rate,Fleet Utilization %,rate,formula,
forecast_accuracy,Forecast Accuracy %,Revenue Forecast Accuracy,Forecast Accuracy %,rate,formula,
form_conversion_rate,Form CVR %,Form Conversion Rate,Form CVR %,rate,formula,
free_to_paid_rate,Free-to-Paid %,Free-to-Paid Conversion Rate,Free-to-Paid %,rate,formula,
gender_pay_gap,Gender Pay Gap,Gender Pay Gap,Gender Pay Gap,rate,formula,description ('female median as % of male') disagrees with formula ((male - female) / male)
gmv,GMV,Gross Merchandise Value,GMV,currency,formula,
gross_margin_pct,Gross Margin %,Gross Margin,Gross Margin %,rate,formula,
gross_profit,Gross Profit,Gross Profit,Gross Profit,currency,formula,
gross_profit_per_employee,GP / Employee,Gross Profit per Employee,GP / Employee,currency,formula,
instructional_spend_ratio,Instructional Spend %,Instructional Spend Share,Instructional Spend %,rate,formula,
interest_coverage_ratio,Interest Coverage Ratio,Interest Coverage Ratio,Interest Coverage,ratio,formula,
internal_promotion_rate,Internal Promotion Rate,Internal Promotion Rate,Internal Promotion %,rate,formula,
interview_to_offer_rate,Interview-to-Offer %,Interview-to-Offer Rate,Interview-to-Offer %,rate,formula,
leverage_ratio,Leverage Ratio,Net Leverage Ratio,Leverage Ratio,ratio,formula,"label: net debt / EBITDA, distinct from debt_ebitda"
liquidity_rate,Marketplace Liquidity %,Marketplace Liquidity Rate,Marketplace Liquidity %,rate,formula,
magic_number,Magic Number,SaaS Magic Number,Magic Number,ratio,formula,
manager_effectiveness_score,Manager Effectiveness,Manager Effectiveness Score,Manager Effectiveness,score,description,
market_share,Market Share,Market Share,Market Share,rate,formula,
marketing_influenced_pipeline,Mktg Influenced Pipeline,Marketing-Influenced Pipeline,Mktg Influenced Pipeline,currency,formula,
marketing_spend,Marketing Spend,Marketing Spend,Marketing Spend,currency,formula,
mtbf,MTBF,Mean Time Between Failures,MTBF,hours,formula,
mttd,MTTD,Mean Time to Detect,MTTD,hours,description,
mttr,MTTR,Mean Time to Repair,MTTR,hours,formula,
net_debt,Net Debt,Net Debt,Net Debt,currency,formula,
net_income,Net Income,Net Income,Net Income,currency,formula,
net_income_margin,Net Income Margin,Net Income Margin,Net Margin,rate,formula,
net_new_customers,Net New Customers,Net New Customers,Net New Customers,count,formula,
new_user_signups,New Signups,New User Signups,New Signups,count,formula,
offer_acceptance_rate,Offer Acceptance Rate,Offer Acceptance Rate,Offer Acceptance %,rate,formula,
operating_cash_flow,Operating Cash Flow,Operating Cash Flow,Operating Cash Flow,currency,formula,
opex,OpEx,Operating Expenses,OpEx,currency,formula,
order_accuracy_rate,Order Accuracy Rate,Order Accuracy Rate,Order Accuracy %,rate,formula,
paid_attribution_pct,Paid Attribution %,Paid Channel Revenue Share,Paid Attribution %,rate,formula,
paid_sessions,Paid Sessions,Paid Sessions,Paid Sessions,count,formula,
per_pupil_expenditure,Per Pupil Expenditure,Per-Pupil Expenditure,Per-Pupil Spend,currency,formula,
pipeline_coverage,Pipeline Coverage,Pipeline Coverage Ratio,Pipeline Coverage,ratio,formula,
pipeline_value,Pipeline Value,Open Pipeline Value,Pipeline Value,currency,formula,
plg_rate,PLG Rate,Product-Led Signup Share,PLG %,rate,formula,label: PLG spelled out; check wording
preventive_maintenance_rate,Preventive Maintenance Rate,Preventive Maintenance Rate,Preventive Maint %,rate,formula,
push_open_rate,Push Open Rate,Push Notification Open Rate,Push Open %,rate,formula,
quick_ratio,Quick Ratio,Quick Ratio,Quick Ratio,ratio,formula,
quota_attainment,Quota Attainment,Quota Attainment,Quota Attainment %,rate,formula,unit: can exceed 1
rd_expense,R&D Expense,R&D Expense,R&D Expense,currency,formula,
referral_attribution_pct,Referral Attribution %,Referral Channel Revenue Share,Referral Attribution %,rate,formula,
rev_concentration_top10,Top 10 Customer Rev %,Top 10 Customer Revenue Share,Top 10 Customer Rev %,rate,formula,
rev_from_existing,Existing Customer Revenue,Existing Customer Revenue,Existing Customer Rev,currency,formula,
rev_from_new_customers,New Customer Revenue,New Customer Revenue,New Customer Rev,currency,formula,
review_rating,Review Rating,Third-Party Review Rating,Review Rating,score,description,
roa,ROA,Return on Assets,ROA,rate,formula,
roe,ROE,Return on Equity,ROE,rate,formula,
roic,ROIC,Return on Invested Capital,ROIC,rate,formula,
runway_months,Runway (Months),Cash Runway,Runway,months,formula,
sales_cycle_length,Sales Cycle Length,Sales Cycle Length,Sales Cycle Length,days,description,known issue: first touch to won; avg_sales_cycle is opportunity created to close
sales_spend,Sales Spend,Sales Spend,Sales Spend,currency,formula,
sessions_per_user,Sessions / User,Sessions per User,Sessions / User,ratio,formula,
sg_and_a,SG&A,"Selling, General and Administrative Expenses",SG&A,currency,formula,
student_growth_percentile,Student Growth Percentile,Median Student Growth Percentile,Growth Percentile,score,description,
share_of_voice,Share of Voice,Share of Voice,Share of Voice,rate,formula,
suspension_rate,Suspension Rate,Suspension Rate,Suspension %,rate,formula,
take_rate,Take Rate,Take Rate,Take Rate,rate,formula,
tech_debt_ratio,Tech Debt Ratio,Technical Debt Ratio,Tech Debt %,rate,formula,"unit: hours / hours, 0-1"
time_to_activate,Time to Activate,Time to Activate,Time to Activate,hours,description,
time_to_fill,Time to Fill,Time to Fill,Time to Fill,days,description,
time_to_resolution,Time to Resolution,Time to Resolution,Time to Resolution,hours,description,
time_to_value,Time to Value,Time to Value,Time to Value,days,description,
training_hours_per_employee,Training Hours / Employee,Training Hours per Employee,Training Hrs / Employee,hours,formula,
trial_to_paid_rate,Trial → Paid %,Trial-to-Paid Conversion Rate,Trial to Paid %,rate,formula,
unsubscribe_rate,Unsubscribe Rate,Email Unsubscribe Rate,Unsubscribe %,rate,formula,
viral_coefficient,Viral Coefficient (K),Viral Coefficient,Viral K,ratio,formula,
web_conversion_rate,Web Conversion Rate,Website Conversion Rate,Web CVR %,rate,formula,
website_sessions,Website Sessions,Website Sessions,Website Sessions,count,formula,
win_rate,Win Rate,Win Rate,Win Rate,rate,formula,
work_order_resolution_time,Work Order Resolution Time,Work Order Resolution Time,Work Order Time,days,description,
workforce_productivity,Workforce Productivity,Revenue per Labor Hour,Revenue / Labor Hour,currency,formula,label: formula is revenue / labor hours
working_capital,Working Capital,Working Capital,Working Capital,currency,formula,
avg_tenure,Avg Tenure (yrs),Average Employee Tenure,Avg Tenure,years,description,
compensation_ratio,Compensation Ratio,Compensation Ratio,Compa-Ratio,ratio,formula,"unit: salary / market midpoint, around 1.0"
complaint_resolution_rate,Complaint Resolution %,Complaint Resolution Rate,Complaint Resolution %,rate,formula,
cost_per_hire,Cost Per Hire,Cost per Hire,Cost per Hire,currency,formula,
course_completion_rate,Course Completion %,Course Completion Rate,Course Completion %,rate,formula,
diversity_hire_rate,Diversity Hire %,Diversity Hire Rate,Diversity Hire %,rate,formula,
employee_engagement_score,Employee Engagement Score,Employee Engagement Score,Engagement Score,score,description,
headcount_cost,Headcount Cost,Headcount Cost,Headcount Cost,currency,formula,
headcount_vs_budget,HC vs Budget,Headcount Variance to Budget,HC vs Budget,count,formula,
inventory_turnover,Inventory Turnover,Inventory Turnover,Inventory Turns,ratio,formula,
onboarding_completion_rate,Onboarding Completion,User Onboarding Completion Rate,Onboarding Completion %,rate,formula,
pct_reps_at_quota,% Reps at Quota,Share of Reps at Quota,% Reps at Quota,rate,formula,
qbr_completion_rate,QBR Completion %,Quarterly Business Review Completion Rate,QBR Completion %,rate,formula,
rd_headcount_pct,R&D % of Headcount,R&D Share of Headcount,R&D % of Headcount,rate,formula,
regrettable_attrition,Regrettable Attrition %,Regrettable Attrition Share,Regrettable Attrition %,rate,formula,
sla_compliance_rate,SLA Compliance Rate,SLA Compliance Rate,SLA Compliance %,rate,formula,
span_of_control,Span of Control,Span of Control,Span of Control,ratio,formula,
time_to_hire,Time to Hire,Time to Hire,Time to Hire,days,description,
vendor_compliance_rate,Vendor Compliance %,Vendor Compliance Rate,Vendor Compliance %,rate,formula,
voluntary_turnover,Voluntary Turnover,Voluntary Turnover Rate,Voluntary Turnover %,rate,formula,
bad_debt_rate,Bad Debt Rate,Bad Debt Rate,Bad Debt %,rate,formula,
cost_per_mql,Cost per MQL,Cost per Marketing Qualified Lead,Cost per MQL,currency,formula,
cost_per_sql,Cost per SQL,Cost per Sales Qualified Lead,Cost per SQL,currency,formula,
cpc,CPC,Cost per Click,CPC,currency,formula,
ctr,CTR,Click-Through Rate,CTR,rate,formula,
email_click_rate,Email Click Rate,Email Click Rate,Email Click %,rate,formula,
email_open_rate,Email Open Rate,Email Open Rate,Email Open %,rate,formula,
lead_time,Lead Time,Delivery Lead Time,Lead Time,days,formula,"unit: SQL averages datediff day, order to delivery"
lead_time_for_changes,Lead Time for Changes,Lead Time for Changes,Lead Time for Changes,hours,description,
lead_to_mql_rate,Lead → MQL %,Lead-to-Marketing Qualified Lead Rate,Lead to MQL %,rate,formula,
mql_to_sql_rate,MQL→SQL Rate,Marketing-to-Sales Qualified Lead Rate,MQL to SQL %,rate,formula,
organic_attribution_pct,Organic Attribution %,Organic Channel Revenue Share,Organic Attribution %,rate,formula,
roas,ROAS,Return on Ad Spend,ROAS,ratio,formula,"unit: revenue / spend multiple, e.g. 4.0x"
session_to_lead_rate,Session → Lead %,Session-to-Lead Conversion Rate,Session to Lead %,rate,formula,
social_engagement_rate,Social Engagement %,Social Engagement Rate,Social Engagement %,rate,formula,
sql,SQLs,Sales Qualified Leads,SQLs,count,formula,
supplier_lead_time,Supplier Lead Time,Supplier Lead Time,Supplier Lead Time,days,description,
top10_keyword_count,Top 10 Keywords,Keywords Ranking in the Top 10,Top 10 Keywords,count,formula,
webinar_attendance_rate,Webinar Attendance %,Webinar Attendance Rate,Webinar Attendance %,rate,formula,
cycle_time,Cycle Time,Cycle Time,Cycle Time,hours,description,
defect_rate,Defect Rate,Defect Rate,Defect %,rate,formula,
escalation_rate,Escalation Rate,Ticket Escalation Rate,Escalation %,rate,formula,
fill_rate,Fill Rate,Order Line Fill Rate,Fill Rate,rate,formula,
order_fulfillment_rate,Order Fulfillment %,Order Fulfillment Rate,Order Fulfillment %,rate,formula,
procurement_savings_rate,Procurement Savings Rate,Procurement Savings Rate,Procurement Savings %,rate,formula,
rcr_rate,Root Cause Resolution %,Root Cause Resolution Rate,RCR %,rate,formula,
return_rate,Return Rate,Return Rate,Return %,rate,formula,
safety_incident_rate,Safety Incident Rate,Safety Incident Rate,Safety Incident Rate,ratio,formula,"unit: incidents per 200,000 hours (per 100 FTE), not 0-1; no fitting unit"
seat_fill_rate,Seat Fill Rate,Seat Fill Rate,Seat Fill %,rate,formula,
sla_breach_rate,SLA Breach %,SLA Breach Rate,SLA Breach %,rate,formula,
stockout_rate,Stockout Rate,Stockout Rate,Stockout %,rate,formula,"known issue: description is orders, formula is SKUs"
support_cost_per_ticket,Support Cost / Ticket,Support Cost per Ticket,Support Cost / Ticket,currency,formula,
throughput,Throughput,Production Throughput,Throughput,count,formula,
ticket_backlog,Ticket Backlog,Ticket Backlog,Ticket Backlog,count,formula,
ticket_resolution_rate,Ticket Resolution Rate,Ticket Resolution Rate Within SLA,Ticket Resolution %,rate,formula,
tickets_per_agent,Tickets / Agent / Day,Tickets Resolved per Agent per Day,Tickets / Agent / Day,ratio,formula,
tickets_per_customer,Tickets / Customer,Tickets per Customer,Tickets / Customer,ratio,formula,
vendor_scorecard_rating,Vendor Scorecard Rating,Vendor Scorecard Rating,Vendor Scorecard,score,description,
warehouse_utilization,Warehouse Utilization %,Warehouse Utilization Rate,Warehouse Utilization %,rate,formula,
arr_growth_rate,ARR Growth %,ARR Growth Rate,ARR Growth %,rate,formula,
arr_per_rep,ARR / Sales Rep,ARR per Sales Rep,ARR / Sales Rep,currency,formula,
billings,Billings,Billings,Billings,currency,formula,
bookings,Bookings,Bookings,Bookings,currency,formula,
capex_pct_revenue,CapEx % Revenue,Capital Expenditures Share of Revenue,CapEx % Revenue,rate,formula,
churn_prediction_score,Churn Prediction Score,Churn Prediction Score,Churn Prediction,rate,formula,"unit: average churn probability 0-1, so rate rather than score"
cohort_revenue_retention,Cohort Revenue Retention,Cohort Revenue Retention,Cohort Rev Retention,rate,formula,
customer_churn_rate,Customer Churn %,Customer Churn Rate,Customer Churn %,rate,formula,
customer_concentration_risk,Customer Concentration,Top 10 Customer ARR Share,Customer Concentration,rate,formula,
deferred_revenue,Deferred Revenue,Deferred Revenue,Deferred Revenue,currency,formula,
employees_per_1m_arr,Employees / $1M ARR,Employees per Million ARR,Employees / $1M ARR,ratio,formula,
expansion_arr,Expansion ARR,Expansion ARR,Expansion ARR,currency,formula,
gna_pct_revenue,G&A % Revenue,G&A Share of Revenue,G&A % Revenue,rate,formula,
grr,GRR,Gross Revenue Retention,GRR,rate,formula,
hr_cost_pct_revenue,HR Cost % of Revenue,HR Cost Share of Revenue,HR Cost % Revenue,rate,formula,acronym: HR added to the allowlist (it is the domain's name)
iap_revenue,IAP Revenue,In-App Purchase Revenue,IAP Revenue,currency,formula,
license_revenue,License Revenue,License Revenue,License Revenue,currency,formula,
market_penetration_rate,Market Penetration Rate,Market Penetration Rate,Market Penetration %,rate,formula,
mrr,MRR,MRR,MRR,currency,formula,
mrr_churn_rate,MRR Churn %,MRR Churn Rate,MRR Churn %,rate,formula,
net_mrr_growth,Net MRR Growth,Net New MRR,Net MRR Growth,currency,formula,"label: formula is net new ARR / 12, an amount not a growth rate"
net_revenue,Net Revenue,Net Revenue,Net Revenue,currency,formula,
new_arr,New ARR,New ARR,New ARR,currency,formula,
nrr,NRR,Net Revenue Retention,NRR,rate,formula,
partner_revenue,Partner Revenue,Partner Revenue,Partner Revenue,currency,formula,
partner_revenue_pct,Partner Revenue %,Partner Revenue Share,Partner Revenue %,rate,formula,
product_churn_rate,Product Churn,Active User Churn Rate,Product Churn %,rate,formula,
rd_as_pct_revenue,R&D % of Revenue,R&D Share of Revenue,R&D % of Revenue,rate,formula,
revenue,Revenue,Revenue,Revenue,currency,formula,
revenue_growth_rate,Revenue Growth Rate,Revenue Growth Rate,Revenue Growth %,rate,formula,"known issue: month over month, description says YoY or QoQ"
revenue_per_account,Revenue / Account,Revenue per Account,Revenue / Account,currency,formula,
revenue_per_employee,Revenue per Employee,Revenue per Employee,Revenue / Employee,currency,formula,
revenue_vs_py,Revenue vs PY,Year-over-Year Revenue Growth,Revenue vs PY,rate,formula,
revenue_ytd,Revenue YTD,Year-to-Date Revenue,Revenue YTD,currency,formula,
saas_quick_ratio,SaaS Quick Ratio,SaaS Quick Ratio,SaaS Quick Ratio,ratio,formula,
services_revenue,Services Revenue,Services Revenue,Services Revenue,currency,formula,
subscription_revenue,Subscription Revenue,Subscription Revenue,Subscription Revenue,currency,formula,
api_latency_p95,API Latency p95,95th Percentile API Latency,API Latency p95,milliseconds,formula,unit: milliseconds is not in the proposed enum; add it
bug_escape_rate,Bug Escape Rate,Bug Escape Rate,Bug Escape %,rate,formula,
csat,CSAT,CSAT Score,CSAT,score,description,
customer_retention_rate,Customer Retention %,Customer Retention Rate,Customer Retention %,rate,formula,
d30_retention,D30 Retention,Day-30 User Retention,D30 Retention,rate,formula,
d7_retention,D7 Retention,Day-7 User Retention,D7 Retention,rate,formula,
dau,DAU,Daily Active Users,DAU,count,formula,
dau_mau_ratio,DAU/MAU,Daily-to-Monthly Active User Ratio,DAU/MAU,rate,formula,"unit: fraction 0-1, so rate despite 'Ratio' in the name"
deployment_frequency,Deployment Frequency,Deployment Frequency,Deploy Frequency,count,formula,
enps,eNPS,Employee Net Promoter Score,eNPS,score,formula,
feature_adoption_rate,Feature Adoption Rate,Feature Adoption Rate,Feature Adoption %,rate,formula,
mau,MAU,Monthly Active Users,MAU,count,formula,
uptime,Uptime %,Service Uptime,Uptime %,rate,formula,
wau,WAU,Weekly Active Users,WAU,count,formula,
shrinkage_rate,Shrinkage Rate,Inventory Shrinkage Rate,Shrinkage %,rate,formula,
adm,ADM,Average Daily Membership,ADM,count,formula,
avg_teacher_experience,Avg Teacher Exp (yrs),Average Teacher Experience,Avg Teacher Exp,years,description,
ell_pct,ELL Students %,ELL Student Share,ELL Students %,rate,formula,
frl_pct,FRL %,Free or Reduced-Price Lunch Share,FRL %,rate,formula,
iep_pct,IEP Students %,IEP Student Share,IEP Students %,rate,formula,
accounts_payable,Accounts Payable,Accounts Payable,Accounts Payable,currency,formula,
accounts_receivable,Accounts Receivable,Accounts Receivable,Accounts Receivable,currency,formula,
annual_budget,Annual Budget,Annual Budget,Annual Budget,currency,formula,
app_downloads,App Downloads,App Downloads,App Downloads,count,formula,
backlink_count,Referring Domains,Referring Domains,Referring Domains,count,formula,
backlinks_count,Backlinks,Backlinks,Backlinks,count,formula,
benefits_utilization,Benefits Utilization %,Benefits Utilization Rate,Benefits Utilization %,rate,formula,
cash_and_equivalents,Cash & Equivalents,Cash and Cash Equivalents,Cash & Equivalents,currency,formula,
code_coverage,Code Coverage %,Code Coverage,Code Coverage %,rate,formula,
college_enrollment,College Enrollment Rate,College Enrollment Rate Within 12 Months,College Enroll 12mo %,rate,formula,id reads as a count but the formula is a rate; label disambiguates from college_enrollment_rate
contracted_unbilled,Contracted Unbilled,Contracted Unbilled ARR,Contracted Unbilled,currency,formula,
customer_count,Customer Count,Active Customers,Customer Count,count,formula,
da,D&A,Depreciation and Amortization,D&A,currency,formula,
demo_requests,Demo Requests,Demo Requests,Demo Requests,count,formula,
discount_rate,Discount Rate,Discount Rate,Discount %,rate,formula,
ebitda_bridge_price,EBITDA Bridge: Price,EBITDA Bridge Price Effect,EBITDA Bridge: Price,currency,formula,
ebitda_bridge_volume,EBITDA Bridge: Volume,EBITDA Bridge Volume Effect,EBITDA Bridge: Volume,currency,formula,
energy_cost_per_unit,Energy Cost per Unit,Energy Cost per Unit,Energy Cost per Unit,currency,formula,
event_attendees,Event Attendees,Event Attendees,Event Attendees,count,formula,
expulsion_rate,Expulsion Rate,Expulsion Rate,Expulsion %,rate,formula,
extracurricular_rate,Extracurricular %,Extracurricular Participation Rate,Extracurricular %,rate,formula,
family_engagement_rate,Family Engagement %,Family Engagement Rate,Family Engagement %,rate,formula,
feature_request_volume,Feature Request Volume,Feature Requests,Feature Requests,count,formula,
funnel_dropoff,Funnel Drop-off,Funnel Drop-Off Rate,Funnel Drop-off %,rate,formula,
impressions,Impressions,Ad Impressions,Impressions,count,formula,
marketplace_buyers,Active Buyers,Active Marketplace Buyers,Active Buyers,count,formula,
marketplace_sellers,Active Sellers,Active Marketplace Sellers,Active Sellers,count,formula,
monthly_new_customers,Monthly New Customers,New Customers,New Customers,count,formula,"label: dropped 'Monthly' (grain, not the quantity)"
on_time_lesson_delivery,On-Time Lesson Delivery,On-Time Lesson Delivery Rate,On-Time Lessons %,rate,formula,
open_requisitions,Open Requisitions,Open Requisitions,Open Reqs,count,formula,
oss_stars,OSS Stars,Open Source GitHub Stars,OSS Stars,count,formula,
overtime_hours,Overtime Hours,Overtime Hours,Overtime Hours,hours,formula,
pr_mentions,PR Mentions,Press Mentions,PR Mentions,count,formula,
pr_merge_time,PR Merge Time,Pull Request Merge Time,PR Merge Time,hours,formula,
recruiting_pipeline,Recruiting Pipeline,Active Candidates,Recruiting Pipeline,count,formula,
referral_sessions,Referral Sessions,Referral Sessions,Referral Sessions,count,formula,
remote_work_rate,Remote Work %,Remote and Hybrid Work Rate,Remote Work %,rate,formula,
sam,SAM,Serviceable Addressable Market,SAM,currency,description,
separations,Separations,Employee Separations,Separations,count,formula,
shareholder_equity,Shareholder Equity,Shareholder Equity,Shareholder Equity,currency,formula,
sm_spend,S&M Spend,S&M Spend,S&M Spend,currency,formula,
work_orders,Work Orders,Work Orders,Work Orders,count,formula,
survey_response_rate,Survey Response %,Survey Response Rate,Survey Response %,rate,formula,
tam,TAM,Total Addressable Market,TAM,currency,description,
testimonials_count,Testimonials,Customer Testimonials,Testimonials,count,formula,
total_assets,Total Assets,Total Assets,Total Assets,currency,formula,
total_debt,Total Debt,Total Debt,Total Debt,currency,formula,
total_liabilities,Total Liabilities,Total Liabilities,Total Liabilities,currency,formula,
trial_signups,Trial Signups,Trial Signups,Trial Signups,count,formula,
competitive_win_rate,Competitive Win %,Competitive Win Rate,Competitive Win %,rate,formula,
complaints_count,Complaints,Customer Complaints,Complaints,count,formula,
headcount_fte,Headcount FTE,Full-Time Equivalent Headcount,Headcount FTE,count,formula,"unit: fractional FTEs, still count"
new_hires,New Hires,New Hires,New Hires,count,formula,
rd_headcount,R&D Headcount,R&D Headcount,R&D Headcount,count,formula,
sales_headcount,Sales Headcount,Sales Headcount,Sales Headcount,count,formula,
total_comp_expense,Total Comp Expense,Total Compensation Expense,Total Comp Expense,currency,formula,
ad_clicks,Ad Clicks,Ad Clicks,Ad Clicks,count,formula,
content_published_count,Content Published,Content Assets Published,Content Published,count,formula,
organic_sessions,Organic Sessions,Organic Sessions,Organic Sessions,count,formula,
social_followers,Social Followers,Social Followers,Social Followers,count,formula,
leads,Leads,Leads,Leads,count,formula,
webinar_registrants,Webinar Registrants,Webinar Registrants,Webinar Registrants,count,formula,
incident_count,Incident Count,Incidents,Incident Count,count,formula,
inventory_value,Inventory Value,Inventory Value,Inventory Value,currency,formula,
inventory_items,Inventory Items,Inventory Items,Inventory Items,count,formula,
order_lines,Order Lines,Order Lines,Order Lines,count,formula,
tickets_created,Tickets Created,Tickets Created,Tickets Created,count,formula,
tickets_resolved,Tickets Resolved,Tickets Resolved,Tickets Resolved,count,formula,
arr,ARR,ARR,ARR,currency,formula,
churn_rate,Churn Rate,Churn Rate,Churn %,rate,formula,"known issue: ARR-based, includes downgrades; label kept"
churned_arr,Churned ARR,Churned ARR,Churned ARR,currency,formula,
cohort_churn,Cohort Churn,Cohort Churn Rate,Cohort Churn %,rate,formula,
committed_arr,Committed ARR,Committed ARR,Committed ARR,currency,formula,
contraction_arr,Contraction ARR,Contraction ARR,Contraction ARR,currency,formula,
gross_revenue,Gross Revenue,Gross Revenue,Gross Revenue,currency,formula,
implementation_revenue,Implementation Revenue,Implementation Revenue,Implementation Revenue,currency,formula,
prior_year_revenue,PY Revenue,Prior Year Revenue,PY Revenue,currency,formula,
q1_revenue,Q1 Revenue,Q1 Revenue,Q1 Revenue,currency,formula,
q2_revenue,Q2 Revenue,Q2 Revenue,Q2 Revenue,currency,formula,
q3_revenue,Q3 Revenue,Q3 Revenue,Q3 Revenue,currency,formula,
q4_revenue,Q4 Revenue,Q4 Revenue,Q4 Revenue,currency,formula,
api_calls_total,API Calls (Total),API Calls,API Calls,count,formula,
api_consumers,API Consumers,API Consumers,API Consumers,count,formula,
sprint_velocity,Sprint Velocity,Sprint Velocity,Sprint Velocity,count,formula,"unit: story points per sprint; count, or add a points unit?"
instructional_minutes,Instructional Minutes,Instructional Minutes per Day,Instructional Minutes,minutes,formula,
