metricId,dimension_id,queryable
clv,metric_time,y
clv,segment,n
clv,cohort,n
customer_ltv,customer,y
customer_ltv,segment,y
customer_ltv,cohort_month,y
customer_ltv,acquisition_channel,y
student_proficiency,school,y
student_proficiency,subject,y
student_proficiency,grade_level,y
student_proficiency,subgroup,y
student_proficiency,school_year,y
college_enrollment_rate,school_year,y
college_enrollment_rate,school,y
cost_per_outcome,school,y
cost_per_outcome,metric_time,y
ebitda,metric_time,y
enterprise_value,metric_time,y
free_cash_flow,metric_time,y
marketing_roi,metric_time,y
marketing_roi,campaign,y
ops_efficiency_ratio,metric_time,y
ops_north_star,warehouse,y
ops_north_star,carrier,y
ops_north_star,metric_time,y
pipeline_generated,metric_time,y
pipeline_generated,channel,y
rule_of_40,company,y
rule_of_40,metric_time,y
employee_lifetime_value,job_level,y
employee_lifetime_value,department,y
employee_lifetime_value,hire_cohort,y
headcount,metric_time,y
headcount,department,y
headcount,location,y
turnover_rate,metric_time,y
turnover_rate,department,y
four_year_grad_rate,school_year,y
four_year_grad_rate,school,y
four_year_grad_rate,subgroup,y
four_year_grad_rate,cohort_year,y
mql,metric_time,y
mql,channel,y
mql,campaign,y
mql,source,y
on_time_delivery_rate,metric_time,y
on_time_delivery_rate,region,y
on_time_delivery_rate,carrier,y
on_time_delivery_rate,product_category,y
cx_csat,metric_time,y
cx_csat,product,y
cx_csat,channel,y
nps,segment,y
nps,product,y
nps,metric_time,y
account_health_score,metric_time,y
account_health_score,customer,y
account_health_score,segment,y
account_health_score,plan_tier,y
account_health_score,cohort_month,y
aov,metric_time,y
aov,segment,y
aov,channel,y
cac,metric_time,y
cac,channel,y
cac_payback,metric_time,y
cac_payback,channel,n
cac_payback,segment,n
cac_payback,cohort,n
ces,channel,y
ces,interaction_type,y
ces,metric_time,y
cohort_ltv_12m,metric_time,y
cohort_ltv_12m,cohort,y
cohort_ltv_12m,channel,y
cohort_ltv_24m,metric_time,y
cohort_ltv_24m,cohort,y
customer_onboarding_time,segment,y
customer_onboarding_time,product,y
customer_onboarding_time,cs_rep,y
customer_onboarding_time,metric_time,y
ltv_cac,metric_time,y
ltv_cac,channel,n
marketing_cac,metric_time,y
marketing_cac,channel,y
process_automation_rate,metric_time,y
purchase_frequency,metric_time,y
purchase_frequency,segment,y
refund_rate,metric_time,y
refund_rate,product,y
renewal_rate,segment,y
renewal_rate,plan_tier,y
renewal_rate,cs_rep,y
renewal_rate,metric_time,y
repeat_purchase_rate,metric_time,y
advanced_course_enrollment_rate,school,y
advanced_course_enrollment_rate,grade_level,n
advanced_course_enrollment_rate,demographic_group,n
advanced_course_enrollment_rate,metric_time,y
cross_sell_rate,metric_time,y
cross_sell_rate,product_category,y
dropout_rate,school_year,y
dropout_rate,school,y
dropout_rate,subgroup,y
ela_proficiency_rate,school_year,y
ela_proficiency_rate,grade_level,y
ela_proficiency_rate,school,y
ell_proficiency_growth,school,y
ell_proficiency_growth,grade_level,y
ell_proficiency_growth,home_language,y
ell_proficiency_growth,metric_time,y
fafsa_completion_rate,school,y
fafsa_completion_rate,demographic_group,y
fafsa_completion_rate,metric_time,y
grade3_reading,school_year,n
grade3_reading,school,y
iep_goal_mastery_rate,school,y
iep_goal_mastery_rate,disability_category,y
iep_goal_mastery_rate,grade_level,y
iep_goal_mastery_rate,metric_time,y
kinder_readiness,school_year,y
kinder_readiness,school,y
math_proficiency_rate,school_year,y
math_proficiency_rate,grade_level,y
math_proficiency_rate,school,y
school_climate_score,school_year,y
school_climate_score,school,y
school_climate_score,respondent_type,y
school_climate_score,survey_cycle,y
staff_student_cost_ratio,school,y
staff_student_cost_ratio,metric_time,y
student_attendance_rate,school_year,y
student_attendance_rate,grade_level,y
student_attendance_rate,school,y
student_attendance_rate,subgroup,y
student_attendance_rate,metric_time,y
student_teacher_ratio,school_year,n
student_teacher_ratio,school,y
student_teacher_ratio,metric_time,y
teacher_retention_rate,school,y
teacher_retention_rate,subject_area,y
teacher_retention_rate,experience_band,y
teacher_retention_rate,metric_time,y
upsell_rate,metric_time,y
upsell_rate,product,y
absenteeism_rate,metric_time,y
absenteeism_rate,department,y
activation_rate,cohort,y
activation_rate,acquisition_channel,y
activation_rate,plan_tier,y
active_paying_users,metric_time,y
acv,segment,y
acv,product_tier,y
acv,channel,y
acv,metric_time,y
ap_participation_rate,school_year,n
ap_participation_rate,school,y
ap_pass_rate,school_year,y
ap_pass_rate,subject,y
app_store_rating,metric_time,y
app_store_rating,platform,y
ar_aging_90d,company,y
ar_aging_90d,segment,y
ar_aging_90d,metric_time,y
arpu,segment,y
arpu,product_category,y
arpu,channel,y
arpu,metric_time,y
asp,product_line,y
asp,channel,y
asp,geography,y
asp,metric_time,y
at_risk_accounts,metric_time,y
avg_deal_size,metric_time,y
avg_deal_size,rep,y
avg_deal_size,segment,y
avg_sales_cycle,metric_time,y
avg_sales_cycle,segment,y
avg_sales_cycle,product,y
avg_session_duration,platform,y
avg_session_duration,product_area,y
avg_session_duration,user_segment,y
avg_session_duration,metric_time,y
bounce_rate,landing_page,y
bounce_rate,channel,y
bounce_rate,device,y
bounce_rate,metric_time,y
budget_variance,metric_time,y
budget_variance,department,y
budget_variance_pct,department,y
budget_variance_pct,cost_center,y
budget_variance_pct,metric_time,y
burn_rate,metric_time,y
capacity_utilization,metric_time,y
capacity_utilization,facility,y
capacity_utilization,production_line,y
capacity_utilization,plant,y
capex,company,y
capex,asset_category,y
capex,metric_time,y
carbon_emissions_per_unit,facility,y
carbon_emissions_per_unit,process_type,y
carbon_emissions_per_unit,metric_time,y
change_failure_rate,metric_time,y
chronic_absenteeism_rate,school_year,y
chronic_absenteeism_rate,grade_level,y
chronic_absenteeism_rate,school,y
chronic_absenteeism_rate,subgroup,y
chronic_absenteeism_rate,metric_time,y
cogs,company,y
cogs,product_line,y
cogs,metric_time,y
cost_per_event_attendee,metric_time,y
cost_per_event_attendee,event,y
cost_per_mile,fleet_type,y
cost_per_mile,vehicle,y
cost_per_mile,metric_time,y
cost_per_unit,product,y
cost_per_unit,production_line,y
cost_per_unit,metric_time,y
cpl,metric_time,y
cpl,channel,y
cpl,campaign,y
cpm,channel,y
cpm,campaign,y
cpm,metric_time,y
credit_accumulation_rate,school,y
credit_accumulation_rate,grade_level,y
credit_accumulation_rate,metric_time,y
current_ratio,metric_time,y
debt_ebitda,company,y
debt_ebitda,metric_time,y
debt_to_equity,metric_time,y
domain_authority,metric_time,y
dpo,metric_time,y
dpo,vendor,n
dso,metric_time,y
dso,segment,n
earned_media_value,metric_time,y
ebitda_margin,company,y
ebitda_margin,metric_time,y
effective_tax_rate,company,y
effective_tax_rate,metric_time,y
effective_tax_rate,jurisdiction,y
enrollment_count,school,y
enrollment_count,grade_level,y
enrollment_count,demographic_group,y
enrollment_count,metric_time,y
enrollment_count,school_year,y
error_rate,endpoint,y
error_rate,error_type,y
error_rate,platform,y
error_rate,metric_time,y
ev_ebitda,metric_time,y
expansion_pipeline,metric_time,y
expansion_pipeline,cs_rep,y
fcr_rate,metric_time,y
fcr_rate,channel,y
first_response_time,priority,y
first_response_time,channel,y
first_response_time,team,y
first_response_time,metric_time,y
fleet_utilization_rate,vehicle,y
fleet_utilization_rate,fleet_type,y
fleet_utilization_rate,region,y
fleet_utilization_rate,metric_time,y
forecast_accuracy,metric_time,y
forecast_accuracy,segment,y
form_conversion_rate,metric_time,y
form_conversion_rate,form_name,y
form_conversion_rate,page,y
free_to_paid_rate,metric_time,y
free_to_paid_rate,cohort,y
gender_pay_gap,metric_time,y
gender_pay_gap,department,y
gender_pay_gap,job_level,y
gmv,category,y
gmv,channel,y
gmv,seller,y
gmv,metric_time,y
gross_margin_pct,metric_time,y
gross_margin_pct,product_line,y
gross_margin_pct,company,y
gross_margin_pct,segment,n
gross_margin_pct,channel,n
gross_profit,metric_time,y
gross_profit,product_line,y
gross_profit_per_employee,metric_time,y
instructional_spend_ratio,school_year,y
interest_coverage_ratio,company,y
interest_coverage_ratio,metric_time,y
internal_promotion_rate,department,y
internal_promotion_rate,job_level,y
internal_promotion_rate,metric_time,y
interview_to_offer_rate,metric_time,y
interview_to_offer_rate,department,y
leverage_ratio,metric_time,y
liquidity_rate,metric_time,y
liquidity_rate,category,y
magic_number,metric_time,y
manager_effectiveness_score,manager,y
manager_effectiveness_score,department,y
manager_effectiveness_score,survey_cycle,y
market_share,metric_time,y
market_share,region,y
marketing_influenced_pipeline,channel,y
marketing_influenced_pipeline,campaign,y
marketing_influenced_pipeline,segment,y
marketing_influenced_pipeline,metric_time,y
marketing_spend,channel,y
marketing_spend,campaign,y
marketing_spend,metric_time,y
mtbf,system,y
mtbf,facility,y
mtbf,metric_time,y
mttd,metric_time,y
mttr,metric_time,y
net_debt,metric_time,y
net_income,company,y
net_income,metric_time,y
net_income_margin,company,y
net_income_margin,metric_time,y
net_new_customers,metric_time,y
net_new_customers,channel,y
new_user_signups,acquisition_channel,y
new_user_signups,plan_tier,y
new_user_signups,geography,y
new_user_signups,metric_time,y
new_user_signups,channel,y
offer_acceptance_rate,metric_time,y
offer_acceptance_rate,department,y
operating_cash_flow,metric_time,y
opex,metric_time,y
opex,department,y
order_accuracy_rate,warehouse,y
order_accuracy_rate,carrier,y
order_accuracy_rate,metric_time,y
paid_attribution_pct,metric_time,y
paid_attribution_pct,channel,y
paid_sessions,channel,y
paid_sessions,campaign,y
paid_sessions,metric_time,y
per_pupil_expenditure,school,y
per_pupil_expenditure,metric_time,y
per_pupil_expenditure,function_code,n
per_pupil_expenditure,fund,n
pipeline_coverage,team,y
pipeline_coverage,segment,y
pipeline_coverage,metric_time,y
pipeline_value,segment,y
pipeline_value,stage,y
pipeline_value,rep,y
pipeline_value,metric_time,y
plg_rate,metric_time,y
preventive_maintenance_rate,facility,y
preventive_maintenance_rate,asset_type,y
preventive_maintenance_rate,metric_time,y
push_open_rate,metric_time,y
push_open_rate,campaign,y
quick_ratio,company,y
quick_ratio,metric_time,y
quota_attainment,rep,y
quota_attainment,segment,y
quota_attainment,metric_time,y
rd_expense,company,y
rd_expense,department,y
rd_expense,metric_time,y
referral_attribution_pct,metric_time,y
rev_concentration_top10,metric_time,y
rev_from_existing,metric_time,y
rev_from_new_customers,metric_time,y
review_rating,metric_time,y
review_rating,platform,y
roa,metric_time,y
roa,company,y
roe,metric_time,y
roe,company,y
roic,metric_time,y
runway_months,company,y
runway_months,metric_time,y
sales_cycle_length,segment,y
sales_cycle_length,rep,y
sales_cycle_length,deal_size_tier,y
sales_cycle_length,metric_time,y
sales_spend,company,y
sales_spend,team,y
sales_spend,metric_time,y
sessions_per_user,metric_time,y
sessions_per_user,platform,y
sg_and_a,company,y
sg_and_a,department,y
sg_and_a,metric_time,y
student_growth_percentile,school_year,y
student_growth_percentile,grade_level,y
student_growth_percentile,school,y
student_growth_percentile,student,y
student_growth_percentile,subject,y
student_growth_percentile,metric_time,y
share_of_voice,platform,y
share_of_voice,keyword_group,y
share_of_voice,metric_time,y
suspension_rate,school_year,n
suspension_rate,school,y
suspension_rate,subgroup,n
take_rate,category,y
take_rate,tier,y
take_rate,metric_time,y
tech_debt_ratio,metric_time,y
tech_debt_ratio,service,y
time_to_activate,metric_time,y
time_to_activate,cohort,y
time_to_fill,department,y
time_to_fill,job_level,y
time_to_fill,location,y
time_to_fill,metric_time,y
time_to_resolution,priority,y
time_to_resolution,category,y
time_to_resolution,channel,y
time_to_resolution,team,y
time_to_resolution,metric_time,y
time_to_value,cohort,y
time_to_value,plan_tier,y
time_to_value,acquisition_channel,y
training_hours_per_employee,department,y
training_hours_per_employee,metric_time,y
trial_to_paid_rate,metric_time,y
trial_to_paid_rate,cohort,y
unsubscribe_rate,campaign,y
unsubscribe_rate,segment,y
unsubscribe_rate,metric_time,y
viral_coefficient,metric_time,y
web_conversion_rate,landing_page,y
web_conversion_rate,channel,y
web_conversion_rate,metric_time,y
website_sessions,channel,y
website_sessions,source,y
website_sessions,medium,y
website_sessions,metric_time,y
win_rate,segment,y
win_rate,rep,y
win_rate,source,y
win_rate,metric_time,y
work_order_resolution_time,facility,y
work_order_resolution_time,category,y
work_order_resolution_time,priority,y
work_order_resolution_time,metric_time,y
workforce_productivity,metric_time,y
working_capital,company,y
working_capital,metric_time,y
avg_tenure,metric_time,y
avg_tenure,department,y
compensation_ratio,job_level,y
compensation_ratio,department,y
compensation_ratio,location,y
compensation_ratio,metric_time,y
complaint_resolution_rate,metric_time,y
cost_per_hire,metric_time,y
cost_per_hire,department,y
course_completion_rate,school_year,y
course_completion_rate,school,y
diversity_hire_rate,metric_time,y
diversity_hire_rate,department,y
employee_engagement_score,department,y
employee_engagement_score,job_level,y
employee_engagement_score,location,y
employee_engagement_score,survey_cycle,y
employee_engagement_score,metric_time,y
headcount_cost,department,y
headcount_cost,location,y
headcount_cost,job_level,y
headcount_cost,metric_time,y
headcount_vs_budget,metric_time,y
headcount_vs_budget,department,n
inventory_turnover,metric_time,y
inventory_turnover,product,y
inventory_turnover,location,n
onboarding_completion_rate,cohort,y
onboarding_completion_rate,plan_tier,y
onboarding_completion_rate,acquisition_channel,y
pct_reps_at_quota,segment,y
pct_reps_at_quota,team,y
pct_reps_at_quota,metric_time,y
qbr_completion_rate,metric_time,y
qbr_completion_rate,cs_rep,y
rd_headcount_pct,metric_time,y
regrettable_attrition,metric_time,y
regrettable_attrition,department,y
sla_compliance_rate,service_type,y
sla_compliance_rate,client,y
sla_compliance_rate,metric_time,y
span_of_control,metric_time,y
span_of_control,department,y
time_to_hire,metric_time,y
time_to_hire,department,y
vendor_compliance_rate,metric_time,y
vendor_compliance_rate,vendor,y
voluntary_turnover,metric_time,y
voluntary_turnover,department,y
voluntary_turnover,job_level,y
voluntary_turnover,location,y
bad_debt_rate,company,y
bad_debt_rate,segment,n
bad_debt_rate,metric_time,y
cost_per_mql,metric_time,y
cost_per_mql,channel,n
cost_per_sql,channel,n
cost_per_sql,campaign,y
cost_per_sql,metric_time,y
cpc,metric_time,y
cpc,channel,y
ctr,channel,y
ctr,campaign,y
ctr,ad_set,y
ctr,metric_time,y
ctr,ad,y
email_click_rate,campaign,y
email_click_rate,segment,y
email_click_rate,metric_time,y
email_open_rate,campaign,y
email_open_rate,segment,y
email_open_rate,metric_time,y
lead_time,metric_time,y
lead_time,product,y
lead_time_for_changes,team,y
lead_time_for_changes,service,y
lead_time_for_changes,metric_time,y
lead_to_mql_rate,metric_time,y
lead_to_mql_rate,channel,y
mql_to_sql_rate,channel,y
mql_to_sql_rate,campaign,y
mql_to_sql_rate,metric_time,y
organic_attribution_pct,metric_time,y
roas,channel,y
roas,campaign,y
roas,metric_time,y
session_to_lead_rate,metric_time,y
session_to_lead_rate,channel,y
social_engagement_rate,metric_time,y
social_engagement_rate,platform,y
sql,metric_time,y
sql,rep,y
sql,channel,y
sql,campaign,y
sql,segment,y
supplier_lead_time,supplier,y
supplier_lead_time,product_category,y
supplier_lead_time,metric_time,y
top10_keyword_count,keyword_group,y
top10_keyword_count,page,y
top10_keyword_count,metric_time,y
webinar_attendance_rate,metric_time,y
webinar_attendance_rate,webinar,y
cycle_time,metric_time,y
cycle_time,product,y
defect_rate,production_line,y
defect_rate,supplier,y
defect_rate,product,y
defect_rate,metric_time,y
escalation_rate,metric_time,y
fill_rate,warehouse,y
fill_rate,product_category,y
fill_rate,metric_time,y
order_fulfillment_rate,metric_time,y
order_fulfillment_rate,region,y
procurement_savings_rate,category_manager,y
procurement_savings_rate,spend_category,y
procurement_savings_rate,metric_time,y
rcr_rate,metric_time,y
return_rate,product_category,y
return_rate,channel,y
return_rate,metric_time,y
return_rate,product,y
safety_incident_rate,facility,y
safety_incident_rate,department,y
safety_incident_rate,incident_type,y
safety_incident_rate,metric_time,y
seat_fill_rate,school,y
seat_fill_rate,grade_level,n
seat_fill_rate,metric_time,y
sla_breach_rate,metric_time,y
sla_breach_rate,priority,y
stockout_rate,metric_time,y
stockout_rate,product,y
stockout_rate,location,y
support_cost_per_ticket,metric_time,y
throughput,metric_time,y
throughput,production_line,y
ticket_backlog,metric_time,y
ticket_resolution_rate,priority,y
ticket_resolution_rate,category,y
ticket_resolution_rate,team,y
ticket_resolution_rate,metric_time,y
tickets_per_agent,metric_time,y
tickets_per_customer,metric_time,y
tickets_per_customer,segment,y
vendor_scorecard_rating,supplier,y
vendor_scorecard_rating,category,y
vendor_scorecard_rating,metric_time,y
warehouse_utilization,metric_time,y
warehouse_utilization,facility,y
warehouse_utilization,warehouse,y
warehouse_utilization,product_zone,y
arr_growth_rate,metric_time,y
arr_per_rep,metric_time,y
billings,segment,y
billings,product_tier,y
billings,metric_time,y
bookings,segment,y
bookings,product_tier,y
bookings,channel,y
bookings,metric_time,y
capex_pct_revenue,company,y
capex_pct_revenue,metric_time,y
churn_prediction_score,user,y
churn_prediction_score,plan_tier,y
churn_prediction_score,cohort,y
churn_prediction_score,metric_time,y
cohort_revenue_retention,cohort_month,y
cohort_revenue_retention,months_since_acquisition,y
cohort_revenue_retention,segment,y
customer_churn_rate,metric_time,y
customer_churn_rate,segment,y
customer_churn_rate,product_tier,y
customer_concentration_risk,company,y
customer_concentration_risk,metric_time,y
deferred_revenue,company,y
deferred_revenue,product_tier,y
deferred_revenue,metric_time,y
employees_per_1m_arr,metric_time,y
gna_pct_revenue,company,y
gna_pct_revenue,metric_time,y
grr,metric_time,y
grr,segment,y
hr_cost_pct_revenue,metric_time,y
iap_revenue,metric_time,y
iap_revenue,product,y
license_revenue,metric_time,y
license_revenue,product,y
market_penetration_rate,segment,n
market_penetration_rate,geography,n
market_penetration_rate,metric_time,y
mrr,company,y
mrr,plan_tier,y
mrr,customer,y
mrr_churn_rate,metric_time,y
mrr_churn_rate,segment,y
net_mrr_growth,metric_time,y
net_revenue,metric_time,y
net_revenue,channel,y
new_arr,metric_time,y
new_arr,rep,y
new_arr,channel,y
nrr,metric_time,y
nrr,segment,y
nrr,company,y
nrr,plan_tier,y
partner_revenue,metric_time,y
partner_revenue,partner,y
partner_revenue_pct,metric_time,y
product_churn_rate,metric_time,y
rd_as_pct_revenue,company,y
rd_as_pct_revenue,metric_time,y
revenue,company,y
revenue,product_line,y
revenue,geography,y
revenue,channel,y
revenue,metric_time,y
revenue,region,y
revenue_growth_rate,metric_time,y
revenue_per_account,metric_time,y
revenue_per_account,segment,y
revenue_per_employee,company,y
revenue_per_employee,metric_time,y
revenue_vs_py,metric_time,y
revenue_ytd,metric_time,y
saas_quick_ratio,metric_time,y
services_revenue,metric_time,y
services_revenue,client,y
subscription_revenue,metric_time,y
subscription_revenue,plan_tier,y
api_latency_p95,endpoint,y
api_latency_p95,environment,y
api_latency_p95,metric_time,y
bug_escape_rate,metric_time,y
bug_escape_rate,severity,y
csat,product,y
csat,channel,y
csat,support_team,y
csat,metric_time,y
customer_retention_rate,metric_time,y
customer_retention_rate,segment,y
d30_retention,metric_time,y
d30_retention,cohort,y
d30_retention,acquisition_channel,y
d30_retention,plan_tier,y
d7_retention,metric_time,y
d7_retention,cohort,y
dau,platform,y
dau,product_area,y
dau,user_segment,y
dau,metric_time,y
dau_mau_ratio,metric_time,y
deployment_frequency,metric_time,y
deployment_frequency,service,y
enps,metric_time,y
enps,department,y
feature_adoption_rate,feature_name,y
feature_adoption_rate,user_segment,y
feature_adoption_rate,plan_tier,y
feature_adoption_rate,metric_time,y
mau,platform,y
mau,product_area,y
mau,user_segment,y
uptime,metric_time,y
uptime,service,y
uptime,environment,y
uptime,system,y
uptime,facility,y
wau,metric_time,y
wau,platform,y
shrinkage_rate,metric_time,y
shrinkage_rate,location,y
adm,school_year,y
avg_teacher_experience,school_year,y
avg_teacher_experience,school,y
ell_pct,school_year,y
ell_pct,school,y
frl_pct,school_year,y
frl_pct,school,y
iep_pct,school_year,y
iep_pct,school,y
accounts_payable,metric_time,y
accounts_receivable,metric_time,y
annual_budget,metric_time,y
app_downloads,metric_time,y
app_downloads,platform,y
backlink_count,domain,y
backlink_count,link_type,y
backlink_count,metric_time,y
backlinks_count,metric_time,y
benefits_utilization,metric_time,y
cash_and_equivalents,metric_time,y
code_coverage,metric_time,y
code_coverage,service,y
college_enrollment,school,y
college_enrollment,grad_year,y
college_enrollment,college_type,y
college_enrollment,subgroup,y
contracted_unbilled,metric_time,y
customer_count,metric_time,y
customer_count,segment,y
da,metric_time,y
demo_requests,metric_time,y
demo_requests,channel,y
discount_rate,metric_time,y
discount_rate,product,y
ebitda_bridge_price,company,y
ebitda_bridge_price,product_line,y
ebitda_bridge_price,metric_time,y
ebitda_bridge_volume,company,y
ebitda_bridge_volume,product_line,y
ebitda_bridge_volume,metric_time,y
energy_cost_per_unit,facility,y
energy_cost_per_unit,production_line,y
energy_cost_per_unit,metric_time,y
event_attendees,metric_time,y
event_attendees,event,y
expulsion_rate,school_year,n
expulsion_rate,school,y
extracurricular_rate,school_year,y
extracurricular_rate,school,y
family_engagement_rate,school_year,y
family_engagement_rate,school,y
feature_request_volume,feature_area,y
feature_request_volume,segment,y
feature_request_volume,channel,y
feature_request_volume,metric_time,y
funnel_dropoff,metric_time,y
funnel_dropoff,funnel_step,y
impressions,channel,y
impressions,campaign,y
impressions,ad_set,y
impressions,metric_time,y
impressions,ad,y
marketplace_buyers,metric_time,y
marketplace_sellers,metric_time,y
monthly_new_customers,metric_time,y
monthly_new_customers,channel,y
monthly_new_customers,acquisition_channel,y
monthly_new_customers,segment,y
on_time_lesson_delivery,teacher,y
on_time_lesson_delivery,school,y
on_time_lesson_delivery,subject,y
on_time_lesson_delivery,metric_time,y
open_requisitions,metric_time,y
open_requisitions,department,y
oss_stars,metric_time,y
oss_stars,repo,y
overtime_hours,metric_time,y
overtime_hours,department,y
pr_mentions,metric_time,y
pr_mentions,outlet,y
pr_merge_time,metric_time,y
pr_merge_time,team,y
recruiting_pipeline,metric_time,y
recruiting_pipeline,department,y
referral_sessions,referrer_domain,y
referral_sessions,landing_page,y
referral_sessions,metric_time,y
remote_work_rate,metric_time,y
remote_work_rate,department,y
sam,metric_time,y
separations,metric_time,y
separations,department,y
shareholder_equity,metric_time,y
sm_spend,metric_time,y
work_orders,work_order,y
work_orders,facility,y
work_orders,category,y
work_orders,priority,y
work_orders,metric_time,y
survey_response_rate,metric_time,y
tam,metric_time,y
testimonials_count,metric_time,y
total_assets,metric_time,y
total_debt,metric_time,y
total_liabilities,metric_time,y
trial_signups,metric_time,y
trial_signups,channel,y
competitive_win_rate,metric_time,y
competitive_win_rate,competitor,y
complaints_count,metric_time,y
headcount_fte,company,y
headcount_fte,department,y
headcount_fte,location,y
headcount_fte,metric_time,y
new_hires,metric_time,y
new_hires,department,y
rd_headcount,metric_time,y
sales_headcount,metric_time,y
total_comp_expense,metric_time,y
total_comp_expense,department,y
ad_clicks,channel,y
ad_clicks,campaign,y
ad_clicks,ad_set,y
ad_clicks,metric_time,y
content_published_count,content_type,y
content_published_count,topic,y
content_published_count,channel,y
content_published_count,metric_time,y
organic_sessions,landing_page,y
organic_sessions,keyword,y
organic_sessions,device,y
organic_sessions,metric_time,y
social_followers,platform,y
social_followers,social_account,y
social_followers,metric_time,y
leads,metric_time,y
leads,channel,y
webinar_registrants,metric_time,y
webinar_registrants,webinar,y
incident_count,metric_time,y
inventory_value,metric_time,y
inventory_value,product,y
inventory_items,metric_time,y
inventory_items,product,y
inventory_items,location,y
order_lines,order,y
order_lines,order_line,y
order_lines,product,y
order_lines,warehouse,y
tickets_created,metric_time,y
tickets_created,priority,y
tickets_created,category,y
tickets_created,channel,y
tickets_created,product,y
tickets_resolved,metric_time,y
arr,metric_time,y
arr,segment,y
arr,product,y
churn_rate,cohort_month,y
churn_rate,plan_tier,y
churn_rate,geography,y
churn_rate,segment,y
churned_arr,metric_time,y
churned_arr,segment,y
cohort_churn,metric_time,y
cohort_churn,cohort,y
committed_arr,metric_time,y
contraction_arr,metric_time,y
contraction_arr,segment,y
gross_revenue,metric_time,y
gross_revenue,channel,y
implementation_revenue,metric_time,y
prior_year_revenue,metric_time,y
q1_revenue,metric_time,y
q2_revenue,metric_time,y
q3_revenue,metric_time,y
q4_revenue,metric_time,y
api_calls_total,metric_time,y
api_calls_total,endpoint,y
api_consumers,metric_time,y
sprint_velocity,metric_time,y
sprint_velocity,team,y
instructional_minutes,school_year,y
instructional_minutes,school,y
instructional_minutes,grade_level,y
